<?xml version="1.0" encoding="UTF-8"?>
<userOverrides>
    <override>
        <path>E:\BLE_Development\Hardware\EmbedIoT_System\dht11_oled_board\software\application\dht11_oled_board\inc\code_table.h</path>
        <encoding>System</encoding>
    </override>
    <override>
        <path>E:\BLE_Development\Hardware\EmbedIoT_System\dht11_oled_board\software\application\dht11_oled_board\inc\led.h</path>
        <encoding>System</encoding>
    </override>
    <override>
        <path>E:\BLE_Development\Hardware\EmbedIoT_System\dht11_oled_board\software\application\dht11_oled_board\inc\oled_ssd1306.h</path>
        <encoding>System</encoding>
    </override>
    <override>
        <path>E:\BLE_Development\Hardware\EmbedIoT_System\dht11_oled_board\software\application\dht11_oled_board\osal\osal.c</path>
        <encoding>System</encoding>
    </override>
    <override>
        <path>E:\BLE_Development\Hardware\EmbedIoT_System\dht11_oled_board\software\application\dht11_oled_board\osal\osal.h</path>
        <encoding>System</encoding>
    </override>
    <override>
        <path>E:\BLE_Development\Hardware\EmbedIoT_System\dht11_oled_board\software\application\dht11_oled_board\osal\osal_clock.c</path>
        <encoding>System</encoding>
    </override>
    <override>
        <path>E:\BLE_Development\Hardware\EmbedIoT_System\dht11_oled_board\software\application\dht11_oled_board\src\delay.c</path>
        <encoding>System</encoding>
    </override>
    <override>
        <path>E:\BLE_Development\Hardware\EmbedIoT_System\dht11_oled_board\software\application\dht11_oled_board\src\dht11.c</path>
        <encoding>System</encoding>
    </override>
    <override>
        <path>E:\BLE_Development\Hardware\EmbedIoT_System\dht11_oled_board\software\application\dht11_oled_board\src\iic_1.c</path>
        <encoding>System</encoding>
    </override>
    <override>
        <path>E:\BLE_Development\Hardware\EmbedIoT_System\dht11_oled_board\software\application\dht11_oled_board\src\irq_handler.c</path>
        <encoding>System</encoding>
    </override>
    <override>
        <path>E:\BLE_Development\Hardware\EmbedIoT_System\dht11_oled_board\software\application\dht11_oled_board\src\led.c</path>
        <encoding>System</encoding>
    </override>
    <override>
        <path>E:\BLE_Development\Hardware\EmbedIoT_System\dht11_oled_board\software\application\dht11_oled_board\src\led_task.c</path>
        <encoding>System</encoding>
    </override>
    <override>
        <path>E:\BLE_Development\Hardware\EmbedIoT_System\dht11_oled_board\software\application\dht11_oled_board\src\main.c</path>
        <encoding>System</encoding>
    </override>
    <override>
        <path>E:\BLE_Development\Hardware\EmbedIoT_System\dht11_oled_board\software\application\dht11_oled_board\src\nrf24l01_task.c</path>
        <encoding>System</encoding>
    </override>
    <override>
        <path>E:\BLE_Development\Hardware\EmbedIoT_System\dht11_oled_board\software\application\dht11_oled_board\src\oled_ssd1306.c</path>
        <encoding>System</encoding>
    </override>
    <override>
        <path>E:\BLE_Development\Hardware\EmbedIoT_System\dht11_oled_board\software\application\dht11_oled_board\src\oled_task.c</path>
        <encoding>System</encoding>
    </override>
    <override>
        <path>E:\BLE_Development\Hardware\EmbedIoT_System\dht11_oled_board\software\application\dht11_oled_board\src\si4432.c</path>
        <encoding>System</encoding>
    </override>
    <override>
        <path>E:\BLE_Development\Hardware\EmbedIoT_System\dht11_oled_board\software\application\dht11_oled_board\src\si4432_task.c</path>
        <encoding>System</encoding>
    </override>
    <override>
        <path>E:\BLE_Development\Hardware\EmbedIoT_System\dht11_oled_board\software\application\dht11_oled_board\src\spi.c</path>
        <encoding>System</encoding>
    </override>
    <override>
        <path>E:\BLE_Development\Hardware\EmbedIoT_System\dht11_oled_board\software\application\dht11_oled_board\src\usart.c</path>
        <encoding>System</encoding>
    </override>
    <override>
        <path>E:\desktop\微联智控工作室EmbedIoT\产品相关资料和图片\EmbedIoT_Project\要经常修改的教程文档\3-程序源代码\dht11_oled_board\src\dht11.c</path>
        <encoding>System</encoding>
    </override>
    <override>
        <path>E:\desktop\微联智控工作室EmbedIoT\产品相关资料和图片\EmbedIoT_Project\要经常修改的教程文档\3-程序源代码\dht11_oled_board\src\iic_1.c</path>
        <encoding>System</encoding>
    </override>
    <override>
        <path>E:\desktop\微联智控工作室EmbedIoT\产品相关资料和图片\EmbedIoT_Project\要经常修改的教程文档\3-程序源代码\dht11_oled_board\src\iwdg_task.c</path>
        <encoding>System</encoding>
    </override>
    <override>
        <path>E:\desktop\微联智控工作室EmbedIoT\产品相关资料和图片\EmbedIoT_Project\要经常修改的教程文档\3-程序源代码\dht11_oled_board\src\main.c</path>
        <encoding>System</encoding>
    </override>
    <override>
        <path>E:\desktop\微联智控工作室EmbedIoT\产品相关资料和图片\EmbedIoT_Project\要经常修改的教程文档\3-程序源代码\dht11_oled_board\src\nrf24l01.c</path>
        <encoding>System</encoding>
    </override>
    <override>
        <path>E:\desktop\微联智控工作室EmbedIoT\产品相关资料和图片\EmbedIoT_Project\要经常修改的教程文档\3-程序源代码\dht11_oled_board\src\nrf24l01_task.c</path>
        <encoding>System</encoding>
    </override>
    <override>
        <path>E:\desktop\微联智控工作室EmbedIoT\产品相关资料和图片\EmbedIoT_Project\要经常修改的教程文档\3-程序源代码\dht11_oled_board\src\oled_ssd1306.c</path>
        <encoding>System</encoding>
    </override>
    <override>
        <path>E:\desktop\微联智控工作室EmbedIoT\产品相关资料和图片\EmbedIoT_Project\要经常修改的教程文档\3-程序源代码\dht11_oled_board\src\oled_task.c</path>
        <encoding>System</encoding>
    </override>
</userOverrides>
