<?xml version="1.0" encoding="UTF-8"?>
<userOverrides>
    <override>
        <path>E:\BLE_Development\Hardware\EmbedIoT_System\key_rgb_relay_board\software\application\key_rgb_relay_board\inc\led.h</path>
        <encoding>System</encoding>
    </override>
    <override>
        <path>E:\BLE_Development\Hardware\EmbedIoT_System\key_rgb_relay_board\software\application\key_rgb_relay_board\osal\osal.c</path>
        <encoding>System</encoding>
    </override>
    <override>
        <path>E:\BLE_Development\Hardware\EmbedIoT_System\key_rgb_relay_board\software\application\key_rgb_relay_board\osal\osal.h</path>
        <encoding>System</encoding>
    </override>
    <override>
        <path>E:\BLE_Development\Hardware\EmbedIoT_System\key_rgb_relay_board\software\application\key_rgb_relay_board\src\irq_handler.c</path>
        <encoding>System</encoding>
    </override>
    <override>
        <path>E:\BLE_Development\Hardware\EmbedIoT_System\key_rgb_relay_board\software\application\key_rgb_relay_board\src\key.c</path>
        <encoding>System</encoding>
    </override>
    <override>
        <path>E:\BLE_Development\Hardware\EmbedIoT_System\key_rgb_relay_board\software\application\key_rgb_relay_board\src\key_task.c</path>
        <encoding>System</encoding>
    </override>
    <override>
        <path>E:\BLE_Development\Hardware\EmbedIoT_System\key_rgb_relay_board\software\application\key_rgb_relay_board\src\led.c</path>
        <encoding>System</encoding>
    </override>
    <override>
        <path>E:\BLE_Development\Hardware\EmbedIoT_System\key_rgb_relay_board\software\application\key_rgb_relay_board\src\led_task.c</path>
        <encoding>System</encoding>
    </override>
    <override>
        <path>E:\BLE_Development\Hardware\EmbedIoT_System\key_rgb_relay_board\software\application\key_rgb_relay_board\src\main.c</path>
        <encoding>System</encoding>
    </override>
    <override>
        <path>E:\BLE_Development\Hardware\EmbedIoT_System\key_rgb_relay_board\software\application\key_rgb_relay_board\src\si4432_task.c</path>
        <encoding>System</encoding>
    </override>
    <override>
        <path>E:\BLE_Development\Hardware\EmbedIoT_System\key_rgb_relay_board\software\application\key_rgb_relay_board\src\timer.c</path>
        <encoding>System</encoding>
    </override>
</userOverrides>
