<?xml version="1.0" encoding="UTF-8"?>
<userOverrides>
    <override>
        <path>E:\BLE_Development\Hardware\EmbedIoT_System\arm_extern_board\software\application\arm_extern_board\inc\led.h</path>
        <encoding>System</encoding>
    </override>
    <override>
        <path>E:\BLE_Development\Hardware\EmbedIoT_System\arm_extern_board\software\application\arm_extern_board\inc\si4432.h</path>
        <encoding>System</encoding>
    </override>
    <override>
        <path>E:\BLE_Development\Hardware\EmbedIoT_System\arm_extern_board\software\application\arm_extern_board\osal\osal.c</path>
        <encoding>System</encoding>
    </override>
    <override>
        <path>E:\BLE_Development\Hardware\EmbedIoT_System\arm_extern_board\software\application\arm_extern_board\osal\osal.h</path>
        <encoding>System</encoding>
    </override>
    <override>
        <path>E:\BLE_Development\Hardware\EmbedIoT_System\arm_extern_board\software\application\arm_extern_board\src\irq_handler.c</path>
        <encoding>System</encoding>
    </override>
    <override>
        <path>E:\BLE_Development\Hardware\EmbedIoT_System\arm_extern_board\software\application\arm_extern_board\src\key.c</path>
        <encoding>System</encoding>
    </override>
    <override>
        <path>E:\BLE_Development\Hardware\EmbedIoT_System\arm_extern_board\software\application\arm_extern_board\src\led.c</path>
        <encoding>System</encoding>
    </override>
    <override>
        <path>E:\BLE_Development\Hardware\EmbedIoT_System\arm_extern_board\software\application\arm_extern_board\src\led_task.c</path>
        <encoding>System</encoding>
    </override>
    <override>
        <path>E:\BLE_Development\Hardware\EmbedIoT_System\arm_extern_board\software\application\arm_extern_board\src\main.c</path>
        <encoding>System</encoding>
    </override>
    <override>
        <path>E:\BLE_Development\Hardware\EmbedIoT_System\arm_extern_board\software\application\arm_extern_board\src\nrf24l01.c</path>
        <encoding>System</encoding>
    </override>
    <override>
        <path>E:\BLE_Development\Hardware\EmbedIoT_System\arm_extern_board\software\application\arm_extern_board\src\nrf24l01_task.c</path>
        <encoding>System</encoding>
    </override>
    <override>
        <path>E:\BLE_Development\Hardware\EmbedIoT_System\arm_extern_board\software\application\arm_extern_board\src\si4432.c</path>
        <encoding>System</encoding>
    </override>
    <override>
        <path>E:\BLE_Development\Hardware\EmbedIoT_System\arm_extern_board\software\application\arm_extern_board\src\si4432_task.c</path>
        <encoding>System</encoding>
    </override>
    <override>
        <path>E:\BLE_Development\Hardware\EmbedIoT_System\arm_extern_board\software\application\arm_extern_board\src\spi.c</path>
        <encoding>System</encoding>
    </override>
    <override>
        <path>E:\BLE_Development\Hardware\EmbedIoT_System\arm_extern_board\software\application\arm_extern_board\src\usart.c</path>
        <encoding>System</encoding>
    </override>
    <override>
        <path>E:\BLE_Development\Hardware\EmbedIoT_System\arm_extern_board\software\application\arm_extern_board\src\usart1_task.c</path>
        <encoding>System</encoding>
    </override>
    <override>
        <path>E:\BLE_Development\Hardware\EmbedIoT_System\arm_extern_board\software\application\arm_extern_board\src\usart_dma.c</path>
        <encoding>System</encoding>
    </override>
</userOverrides>
