<?xml version="1.0" encoding="UTF-8"?>
<userOverrides>
    <override>
        <path>E:\BLE_Development\Hardware\EmbedIoT_Project\要经常修改的教程文档\3-程序源代码\arm_extern_board\inc\osal_task\usart1_task.h</path>
        <encoding>System</encoding>
    </override>
    <override>
        <path>E:\BLE_Development\Hardware\EmbedIoT_Project\要经常修改的教程文档\3-程序源代码\arm_extern_board\inc\periph_device\sys_config.h</path>
        <encoding>System</encoding>
    </override>
    <override>
        <path>E:\BLE_Development\Hardware\EmbedIoT_Project\要经常修改的教程文档\3-程序源代码\arm_extern_board\net_lib\net_module.c</path>
        <encoding>System</encoding>
    </override>
    <override>
        <path>E:\BLE_Development\Hardware\EmbedIoT_Project\要经常修改的教程文档\3-程序源代码\arm_extern_board\osal\osal.c</path>
        <encoding>UTF-8</encoding>
    </override>
    <override>
        <path>E:\BLE_Development\Hardware\EmbedIoT_Project\要经常修改的教程文档\3-程序源代码\arm_extern_board\osal\osal.h</path>
        <encoding>UTF-8</encoding>
    </override>
    <override>
        <path>E:\BLE_Development\Hardware\EmbedIoT_Project\要经常修改的教程文档\3-程序源代码\arm_extern_board\osal\osal_clock.c</path>
        <encoding>System</encoding>
    </override>
    <override>
        <path>E:\BLE_Development\Hardware\EmbedIoT_Project\要经常修改的教程文档\3-程序源代码\arm_extern_board\osal\osal_timers.c</path>
        <encoding>System</encoding>
    </override>
    <override>
        <path>E:\BLE_Development\Hardware\EmbedIoT_Project\要经常修改的教程文档\3-程序源代码\arm_extern_board\osal\osal_timers.h</path>
        <encoding>System</encoding>
    </override>
    <override>
        <path>E:\BLE_Development\Hardware\EmbedIoT_Project\要经常修改的教程文档\3-程序源代码\arm_extern_board\src\main.c</path>
        <encoding>System</encoding>
    </override>
    <override>
        <path>E:\BLE_Development\Hardware\EmbedIoT_Project\要经常修改的教程文档\3-程序源代码\arm_extern_board\src\osal_task\iwdg_task.c</path>
        <encoding>System</encoding>
    </override>
    <override>
        <path>E:\BLE_Development\Hardware\EmbedIoT_Project\要经常修改的教程文档\3-程序源代码\arm_extern_board\src\osal_task\led_task.c</path>
        <encoding>System</encoding>
    </override>
    <override>
        <path>E:\BLE_Development\Hardware\EmbedIoT_Project\要经常修改的教程文档\3-程序源代码\arm_extern_board\src\osal_task\nrf24l01_task.c</path>
        <encoding>System</encoding>
    </override>
    <override>
        <path>E:\BLE_Development\Hardware\EmbedIoT_Project\要经常修改的教程文档\3-程序源代码\arm_extern_board\src\osal_task\si4432_task.c</path>
        <encoding>System</encoding>
    </override>
    <override>
        <path>E:\BLE_Development\Hardware\EmbedIoT_Project\要经常修改的教程文档\3-程序源代码\arm_extern_board\src\osal_task\usart1_task.c</path>
        <encoding>System</encoding>
    </override>
    <override>
        <path>E:\BLE_Development\Hardware\EmbedIoT_Project\要经常修改的教程文档\3-程序源代码\arm_extern_board\src\osal_task\usart2_task.c</path>
        <encoding>System</encoding>
    </override>
    <override>
        <path>E:\BLE_Development\Hardware\EmbedIoT_Project\要经常修改的教程文档\3-程序源代码\arm_extern_board\src\periph_device\nrf24l01.c</path>
        <encoding>System</encoding>
    </override>
    <override>
        <path>E:\BLE_Development\Hardware\EmbedIoT_Project\要经常修改的教程文档\3-程序源代码\arm_extern_board\src\periph_device\si4432.c</path>
        <encoding>System</encoding>
    </override>
    <override>
        <path>E:\BLE_Development\Hardware\EmbedIoT_Project\要经常修改的教程文档\3-程序源代码\arm_extern_board\src\periph_device\sys_config.c</path>
        <encoding>System</encoding>
    </override>
    <override>
        <path>E:\BLE_Development\Hardware\EmbedIoT_Project\要经常修改的教程文档\3-程序源代码\arm_extern_board\src\periph_device\tool_func.c</path>
        <encoding>System</encoding>
    </override>
    <override>
        <path>E:\BLE_Development\Hardware\EmbedIoT_Project\要经常修改的教程文档\3-程序源代码\arm_extern_board\src\stm32_periph_driver\delay.c</path>
        <encoding>System</encoding>
    </override>
    <override>
        <path>E:\BLE_Development\Hardware\EmbedIoT_Project\要经常修改的教程文档\3-程序源代码\arm_extern_board\src\stm32_periph_driver\systick.c</path>
        <encoding>System</encoding>
    </override>
    <override>
        <path>E:\BLE_Development\Hardware\EmbedIoT_Project\要经常修改的教程文档\3-程序源代码\arm_extern_board\src\stm32_periph_driver\usart_dma.c</path>
        <encoding>System</encoding>
    </override>
    <override>
        <path>E:\BLE_Development\Hardware\EmbedIoT_Project\要经常修改的教程文档\3-程序源代码\arm_extern_board\src\tool_func.c</path>
        <encoding>System</encoding>
    </override>
    <override>
        <path>E:\BLE_Development\Hardware\EmbedIoT_Project\要经常修改的教程文档\3-程序源代码\arm_extern_board\src\usart1_task.c</path>
        <encoding>System</encoding>
    </override>
    <override>
        <path>E:\BLE_Development\Hardware\EmbedIoT_Project\要经常修改的教程文档\3-程序源代码\设备端MCU代码\arm_extern_board\inc\osal_task\led_task.h</path>
        <encoding>System</encoding>
    </override>
    <override>
        <path>E:\BLE_Development\Hardware\EmbedIoT_Project\要经常修改的教程文档\3-程序源代码\设备端MCU代码\arm_extern_board\inc\osal_task\net_task.h</path>
        <encoding>System</encoding>
    </override>
    <override>
        <path>E:\BLE_Development\Hardware\EmbedIoT_Project\要经常修改的教程文档\3-程序源代码\设备端MCU代码\arm_extern_board\inc\osal_task\nrf24l01_task.h</path>
        <encoding>System</encoding>
    </override>
    <override>
        <path>E:\BLE_Development\Hardware\EmbedIoT_Project\要经常修改的教程文档\3-程序源代码\设备端MCU代码\arm_extern_board\inc\osal_task\si4432_task.h</path>
        <encoding>System</encoding>
    </override>
    <override>
        <path>E:\BLE_Development\Hardware\EmbedIoT_Project\要经常修改的教程文档\3-程序源代码\设备端MCU代码\arm_extern_board\inc\osal_task\usart1_task.h</path>
        <encoding>System</encoding>
    </override>
    <override>
        <path>E:\BLE_Development\Hardware\EmbedIoT_Project\要经常修改的教程文档\3-程序源代码\设备端MCU代码\arm_extern_board\inc\periph_device\myprotocol.h</path>
        <encoding>System</encoding>
    </override>
    <override>
        <path>E:\BLE_Development\Hardware\EmbedIoT_Project\要经常修改的教程文档\3-程序源代码\设备端MCU代码\arm_extern_board\inc\periph_device\si4432.h</path>
        <encoding>System</encoding>
    </override>
    <override>
        <path>E:\BLE_Development\Hardware\EmbedIoT_Project\要经常修改的教程文档\3-程序源代码\设备端MCU代码\arm_extern_board\inc\periph_device\sys_config.h</path>
        <encoding>System</encoding>
    </override>
    <override>
        <path>E:\BLE_Development\Hardware\EmbedIoT_Project\要经常修改的教程文档\3-程序源代码\设备端MCU代码\arm_extern_board\net_lib\net_module.c</path>
        <encoding>System</encoding>
    </override>
    <override>
        <path>E:\BLE_Development\Hardware\EmbedIoT_Project\要经常修改的教程文档\3-程序源代码\设备端MCU代码\arm_extern_board\osal\osal_clock.c</path>
        <encoding>System</encoding>
    </override>
    <override>
        <path>E:\BLE_Development\Hardware\EmbedIoT_Project\要经常修改的教程文档\3-程序源代码\设备端MCU代码\arm_extern_board\osal\osal_timers.c</path>
        <encoding>System</encoding>
    </override>
    <override>
        <path>E:\BLE_Development\Hardware\EmbedIoT_Project\要经常修改的教程文档\3-程序源代码\设备端MCU代码\arm_extern_board\src\main.c</path>
        <encoding>System</encoding>
    </override>
    <override>
        <path>E:\BLE_Development\Hardware\EmbedIoT_Project\要经常修改的教程文档\3-程序源代码\设备端MCU代码\arm_extern_board\src\osal_task\iwdg_task.c</path>
        <encoding>System</encoding>
    </override>
    <override>
        <path>E:\BLE_Development\Hardware\EmbedIoT_Project\要经常修改的教程文档\3-程序源代码\设备端MCU代码\arm_extern_board\src\osal_task\led_task.c</path>
        <encoding>System</encoding>
    </override>
    <override>
        <path>E:\BLE_Development\Hardware\EmbedIoT_Project\要经常修改的教程文档\3-程序源代码\设备端MCU代码\arm_extern_board\src\osal_task\net_task.c</path>
        <encoding>System</encoding>
    </override>
    <override>
        <path>E:\BLE_Development\Hardware\EmbedIoT_Project\要经常修改的教程文档\3-程序源代码\设备端MCU代码\arm_extern_board\src\osal_task\nrf24l01_task.c</path>
        <encoding>System</encoding>
    </override>
    <override>
        <path>E:\BLE_Development\Hardware\EmbedIoT_Project\要经常修改的教程文档\3-程序源代码\设备端MCU代码\arm_extern_board\src\osal_task\si4432_task.c</path>
        <encoding>System</encoding>
    </override>
    <override>
        <path>E:\BLE_Development\Hardware\EmbedIoT_Project\要经常修改的教程文档\3-程序源代码\设备端MCU代码\arm_extern_board\src\osal_task\usart1_task.c</path>
        <encoding>System</encoding>
    </override>
    <override>
        <path>E:\BLE_Development\Hardware\EmbedIoT_Project\要经常修改的教程文档\3-程序源代码\设备端MCU代码\arm_extern_board\src\osal_task\usart2_task.c</path>
        <encoding>System</encoding>
    </override>
    <override>
        <path>E:\BLE_Development\Hardware\EmbedIoT_Project\要经常修改的教程文档\3-程序源代码\设备端MCU代码\arm_extern_board\src\periph_device\myprotocol.c</path>
        <encoding>System</encoding>
    </override>
    <override>
        <path>E:\BLE_Development\Hardware\EmbedIoT_Project\要经常修改的教程文档\3-程序源代码\设备端MCU代码\arm_extern_board\src\periph_device\nrf24l01.c</path>
        <encoding>System</encoding>
    </override>
    <override>
        <path>E:\BLE_Development\Hardware\EmbedIoT_Project\要经常修改的教程文档\3-程序源代码\设备端MCU代码\arm_extern_board\src\periph_device\si4432.c</path>
        <encoding>System</encoding>
    </override>
    <override>
        <path>E:\BLE_Development\Hardware\EmbedIoT_Project\要经常修改的教程文档\3-程序源代码\设备端MCU代码\arm_extern_board\src\periph_device\sys_config.c</path>
        <encoding>System</encoding>
    </override>
    <override>
        <path>E:\BLE_Development\Hardware\EmbedIoT_Project\要经常修改的教程文档\3-程序源代码\设备端MCU代码\arm_extern_board\src\stm32_periph_driver\irq_handler.c</path>
        <encoding>System</encoding>
    </override>
    <override>
        <path>E:\BLE_Development\Hardware\EmbedIoT_Project\要经常修改的教程文档\3-程序源代码\设备端MCU代码\arm_extern_board\src\stm32_periph_driver\spi.c</path>
        <encoding>System</encoding>
    </override>
    <override>
        <path>E:\BLE_Development\Hardware\EmbedIoT_Project\要经常修改的教程文档\3-程序源代码\设备端MCU代码\arm_extern_board\src\stm32_periph_driver\usart.c</path>
        <encoding>System</encoding>
    </override>
    <override>
        <path>E:\BLE_Development\Hardware\EmbedIoT_Project\要经常修改的教程文档\3-程序源代码\设备端MCU代码\arm_extern_board\src\stm32_periph_driver\usart_dma.c</path>
        <encoding>System</encoding>
    </override>
    <override>
        <path>E:\BLE_Development\Hardware\EmbedIoT_System\arm_extern_board\software\application\arm_extern_board\inc\led.h</path>
        <encoding>System</encoding>
    </override>
    <override>
        <path>E:\BLE_Development\Hardware\EmbedIoT_System\arm_extern_board\software\application\arm_extern_board\inc\si4432.h</path>
        <encoding>System</encoding>
    </override>
    <override>
        <path>E:\BLE_Development\Hardware\EmbedIoT_System\arm_extern_board\software\application\arm_extern_board\osal\osal.c</path>
        <encoding>System</encoding>
    </override>
    <override>
        <path>E:\BLE_Development\Hardware\EmbedIoT_System\arm_extern_board\software\application\arm_extern_board\osal\osal.h</path>
        <encoding>System</encoding>
    </override>
    <override>
        <path>E:\BLE_Development\Hardware\EmbedIoT_System\arm_extern_board\software\application\arm_extern_board\src\irq_handler.c</path>
        <encoding>System</encoding>
    </override>
    <override>
        <path>E:\BLE_Development\Hardware\EmbedIoT_System\arm_extern_board\software\application\arm_extern_board\src\key.c</path>
        <encoding>System</encoding>
    </override>
    <override>
        <path>E:\BLE_Development\Hardware\EmbedIoT_System\arm_extern_board\software\application\arm_extern_board\src\led.c</path>
        <encoding>System</encoding>
    </override>
    <override>
        <path>E:\BLE_Development\Hardware\EmbedIoT_System\arm_extern_board\software\application\arm_extern_board\src\led_task.c</path>
        <encoding>System</encoding>
    </override>
    <override>
        <path>E:\BLE_Development\Hardware\EmbedIoT_System\arm_extern_board\software\application\arm_extern_board\src\main.c</path>
        <encoding>System</encoding>
    </override>
    <override>
        <path>E:\BLE_Development\Hardware\EmbedIoT_System\arm_extern_board\software\application\arm_extern_board\src\nrf24l01.c</path>
        <encoding>System</encoding>
    </override>
    <override>
        <path>E:\BLE_Development\Hardware\EmbedIoT_System\arm_extern_board\software\application\arm_extern_board\src\nrf24l01_task.c</path>
        <encoding>System</encoding>
    </override>
    <override>
        <path>E:\BLE_Development\Hardware\EmbedIoT_System\arm_extern_board\software\application\arm_extern_board\src\si4432.c</path>
        <encoding>System</encoding>
    </override>
    <override>
        <path>E:\BLE_Development\Hardware\EmbedIoT_System\arm_extern_board\software\application\arm_extern_board\src\si4432_task.c</path>
        <encoding>System</encoding>
    </override>
    <override>
        <path>E:\BLE_Development\Hardware\EmbedIoT_System\arm_extern_board\software\application\arm_extern_board\src\spi.c</path>
        <encoding>System</encoding>
    </override>
    <override>
        <path>E:\BLE_Development\Hardware\EmbedIoT_System\arm_extern_board\software\application\arm_extern_board\src\usart.c</path>
        <encoding>System</encoding>
    </override>
    <override>
        <path>E:\BLE_Development\Hardware\EmbedIoT_System\arm_extern_board\software\application\arm_extern_board\src\usart1_task.c</path>
        <encoding>System</encoding>
    </override>
    <override>
        <path>E:\BLE_Development\Hardware\EmbedIoT_System\arm_extern_board\software\application\arm_extern_board\src\usart_dma.c</path>
        <encoding>System</encoding>
    </override>
    <override>
        <path>E:\desktop\微联智控工作室EmbedIoT\产品相关资料和图片\EmbedIoT_Project\要经常修改的教程文档\3-程序源代码\arm_extern_board\src\main.c</path>
        <encoding>System</encoding>
    </override>
    <override>
        <path>E:\desktop\微联智控工作室EmbedIoT\产品相关资料和图片\EmbedIoT_Project\要经常修改的教程文档\3-程序源代码\arm_extern_board\src\usart1_task.c</path>
        <encoding>System</encoding>
    </override>
</userOverrides>
