<?xml version="1.0" encoding="UTF-8"?>
<userOverrides>
    <override>
        <path>E:\BLE_Development\Hardware\EmbedIoT_System\mcu_wireless_board\software\application\mcu_wireless_board\inc\led.h</path>
        <encoding>System</encoding>
    </override>
    <override>
        <path>E:\BLE_Development\Hardware\EmbedIoT_System\mcu_wireless_board\software\application\mcu_wireless_board\inc\myprotocol.h</path>
        <encoding>System</encoding>
    </override>
    <override>
        <path>E:\BLE_Development\Hardware\EmbedIoT_System\mcu_wireless_board\software\application\mcu_wireless_board\inc\nrf24l01.h</path>
        <encoding>System</encoding>
    </override>
    <override>
        <path>E:\BLE_Development\Hardware\EmbedIoT_System\mcu_wireless_board\software\application\mcu_wireless_board\inc\si4432.h</path>
        <encoding>System</encoding>
    </override>
    <override>
        <path>E:\BLE_Development\Hardware\EmbedIoT_System\mcu_wireless_board\software\application\mcu_wireless_board\inc\si4432_task.h</path>
        <encoding>System</encoding>
    </override>
    <override>
        <path>E:\BLE_Development\Hardware\EmbedIoT_System\mcu_wireless_board\software\application\mcu_wireless_board\osal\osal.c</path>
        <encoding>System</encoding>
    </override>
    <override>
        <path>E:\BLE_Development\Hardware\EmbedIoT_System\mcu_wireless_board\software\application\mcu_wireless_board\osal\osal.h</path>
        <encoding>System</encoding>
    </override>
    <override>
        <path>E:\BLE_Development\Hardware\EmbedIoT_System\mcu_wireless_board\software\application\mcu_wireless_board\osal\osal_clock.c</path>
        <encoding>System</encoding>
    </override>
    <override>
        <path>E:\BLE_Development\Hardware\EmbedIoT_System\mcu_wireless_board\software\application\mcu_wireless_board\osal\osal_timers.c</path>
        <encoding>System</encoding>
    </override>
    <override>
        <path>E:\BLE_Development\Hardware\EmbedIoT_System\mcu_wireless_board\software\application\mcu_wireless_board\src\circle_queue.c</path>
        <encoding>System</encoding>
    </override>
    <override>
        <path>E:\BLE_Development\Hardware\EmbedIoT_System\mcu_wireless_board\software\application\mcu_wireless_board\src\delay.c</path>
        <encoding>System</encoding>
    </override>
    <override>
        <path>E:\BLE_Development\Hardware\EmbedIoT_System\mcu_wireless_board\software\application\mcu_wireless_board\src\flash.c</path>
        <encoding>System</encoding>
    </override>
    <override>
        <path>E:\BLE_Development\Hardware\EmbedIoT_System\mcu_wireless_board\software\application\mcu_wireless_board\src\key.c</path>
        <encoding>System</encoding>
    </override>
    <override>
        <path>E:\BLE_Development\Hardware\EmbedIoT_System\mcu_wireless_board\software\application\mcu_wireless_board\src\led.c</path>
        <encoding>System</encoding>
    </override>
    <override>
        <path>E:\BLE_Development\Hardware\EmbedIoT_System\mcu_wireless_board\software\application\mcu_wireless_board\src\main.c</path>
        <encoding>System</encoding>
    </override>
    <override>
        <path>E:\BLE_Development\Hardware\EmbedIoT_System\mcu_wireless_board\software\application\mcu_wireless_board\src\myprotocol.c</path>
        <encoding>System</encoding>
    </override>
    <override>
        <path>E:\BLE_Development\Hardware\EmbedIoT_System\mcu_wireless_board\software\application\mcu_wireless_board\src\nrf24l01.c</path>
        <encoding>System</encoding>
    </override>
    <override>
        <path>E:\BLE_Development\Hardware\EmbedIoT_System\mcu_wireless_board\software\application\mcu_wireless_board\src\nrf24l01_task.c</path>
        <encoding>System</encoding>
    </override>
    <override>
        <path>E:\BLE_Development\Hardware\EmbedIoT_System\mcu_wireless_board\software\application\mcu_wireless_board\src\si4432.c</path>
        <encoding>System</encoding>
    </override>
    <override>
        <path>E:\BLE_Development\Hardware\EmbedIoT_System\mcu_wireless_board\software\application\mcu_wireless_board\src\si4432_task.c</path>
        <encoding>System</encoding>
    </override>
    <override>
        <path>E:\BLE_Development\Hardware\EmbedIoT_System\mcu_wireless_board\software\application\mcu_wireless_board\src\spi.c</path>
        <encoding>System</encoding>
    </override>
    <override>
        <path>E:\BLE_Development\Hardware\EmbedIoT_System\mcu_wireless_board\software\application\mcu_wireless_board\src\spi_dma.c</path>
        <encoding>System</encoding>
    </override>
    <override>
        <path>E:\BLE_Development\Hardware\EmbedIoT_System\mcu_wireless_board\software\application\mcu_wireless_board\src\sys_config.c</path>
        <encoding>System</encoding>
    </override>
    <override>
        <path>E:\BLE_Development\Hardware\EmbedIoT_System\mcu_wireless_board\software\application\mcu_wireless_board\src\systick.c</path>
        <encoding>System</encoding>
    </override>
    <override>
        <path>E:\BLE_Development\Hardware\EmbedIoT_System\mcu_wireless_board\software\application\mcu_wireless_board\src\usart.c</path>
        <encoding>System</encoding>
    </override>
    <override>
        <path>E:\BLE_Development\Hardware\EmbedIoT_System\mcu_wireless_board\software\application\mcu_wireless_board\src\usart_dma.c</path>
        <encoding>System</encoding>
    </override>
</userOverrides>
