<?xml version="1.0" encoding="UTF-8"?>
<userOverrides>
    <override>
        <path>E:\BLE_Development\Hardware\EmbedIoT_Project\要经常修改的教程文档\3-程序源代码\设备端MCU代码\mcu_wireless_board\inc\osal_task\key_task.h</path>
        <encoding>System</encoding>
    </override>
    <override>
        <path>E:\BLE_Development\Hardware\EmbedIoT_Project\要经常修改的教程文档\3-程序源代码\设备端MCU代码\mcu_wireless_board\inc\osal_task\led_task.h</path>
        <encoding>System</encoding>
    </override>
    <override>
        <path>E:\BLE_Development\Hardware\EmbedIoT_Project\要经常修改的教程文档\3-程序源代码\设备端MCU代码\mcu_wireless_board\inc\osal_task\net_task.h</path>
        <encoding>System</encoding>
    </override>
    <override>
        <path>E:\BLE_Development\Hardware\EmbedIoT_Project\要经常修改的教程文档\3-程序源代码\设备端MCU代码\mcu_wireless_board\inc\osal_task\si4432_task.h</path>
        <encoding>System</encoding>
    </override>
    <override>
        <path>E:\BLE_Development\Hardware\EmbedIoT_Project\要经常修改的教程文档\3-程序源代码\设备端MCU代码\mcu_wireless_board\inc\periph_device\led.h</path>
        <encoding>System</encoding>
    </override>
    <override>
        <path>E:\BLE_Development\Hardware\EmbedIoT_Project\要经常修改的教程文档\3-程序源代码\设备端MCU代码\mcu_wireless_board\inc\periph_device\myprotocol.h</path>
        <encoding>System</encoding>
    </override>
    <override>
        <path>E:\BLE_Development\Hardware\EmbedIoT_Project\要经常修改的教程文档\3-程序源代码\设备端MCU代码\mcu_wireless_board\inc\periph_device\nrf24l01.h</path>
        <encoding>System</encoding>
    </override>
    <override>
        <path>E:\BLE_Development\Hardware\EmbedIoT_Project\要经常修改的教程文档\3-程序源代码\设备端MCU代码\mcu_wireless_board\inc\periph_device\sys_config.h</path>
        <encoding>System</encoding>
    </override>
    <override>
        <path>E:\BLE_Development\Hardware\EmbedIoT_Project\要经常修改的教程文档\3-程序源代码\设备端MCU代码\mcu_wireless_board\net_lib\net_module.c</path>
        <encoding>System</encoding>
    </override>
    <override>
        <path>E:\BLE_Development\Hardware\EmbedIoT_Project\要经常修改的教程文档\3-程序源代码\设备端MCU代码\mcu_wireless_board\osal\osal.c</path>
        <encoding>System</encoding>
    </override>
    <override>
        <path>E:\BLE_Development\Hardware\EmbedIoT_Project\要经常修改的教程文档\3-程序源代码\设备端MCU代码\mcu_wireless_board\osal\osal.h</path>
        <encoding>System</encoding>
    </override>
    <override>
        <path>E:\BLE_Development\Hardware\EmbedIoT_Project\要经常修改的教程文档\3-程序源代码\设备端MCU代码\mcu_wireless_board\osal\osal_clock.c</path>
        <encoding>System</encoding>
    </override>
    <override>
        <path>E:\BLE_Development\Hardware\EmbedIoT_Project\要经常修改的教程文档\3-程序源代码\设备端MCU代码\mcu_wireless_board\osal\osal_clock.h</path>
        <encoding>System</encoding>
    </override>
    <override>
        <path>E:\BLE_Development\Hardware\EmbedIoT_Project\要经常修改的教程文档\3-程序源代码\设备端MCU代码\mcu_wireless_board\osal\osal_timers.c</path>
        <encoding>System</encoding>
    </override>
    <override>
        <path>E:\BLE_Development\Hardware\EmbedIoT_Project\要经常修改的教程文档\3-程序源代码\设备端MCU代码\mcu_wireless_board\osal\osal_timers.h</path>
        <encoding>System</encoding>
    </override>
    <override>
        <path>E:\BLE_Development\Hardware\EmbedIoT_Project\要经常修改的教程文档\3-程序源代码\设备端MCU代码\mcu_wireless_board\src\main.c</path>
        <encoding>System</encoding>
    </override>
    <override>
        <path>E:\BLE_Development\Hardware\EmbedIoT_Project\要经常修改的教程文档\3-程序源代码\设备端MCU代码\mcu_wireless_board\src\osal_task\iwdg_task.c</path>
        <encoding>System</encoding>
    </override>
    <override>
        <path>E:\BLE_Development\Hardware\EmbedIoT_Project\要经常修改的教程文档\3-程序源代码\设备端MCU代码\mcu_wireless_board\src\osal_task\key_task.c</path>
        <encoding>System</encoding>
    </override>
    <override>
        <path>E:\BLE_Development\Hardware\EmbedIoT_Project\要经常修改的教程文档\3-程序源代码\设备端MCU代码\mcu_wireless_board\src\osal_task\led_task.c</path>
        <encoding>System</encoding>
    </override>
    <override>
        <path>E:\BLE_Development\Hardware\EmbedIoT_Project\要经常修改的教程文档\3-程序源代码\设备端MCU代码\mcu_wireless_board\src\osal_task\net_task.c</path>
        <encoding>System</encoding>
    </override>
    <override>
        <path>E:\BLE_Development\Hardware\EmbedIoT_Project\要经常修改的教程文档\3-程序源代码\设备端MCU代码\mcu_wireless_board\src\osal_task\nrf24l01_task.c</path>
        <encoding>System</encoding>
    </override>
    <override>
        <path>E:\BLE_Development\Hardware\EmbedIoT_Project\要经常修改的教程文档\3-程序源代码\设备端MCU代码\mcu_wireless_board\src\osal_task\si4432_task.c</path>
        <encoding>System</encoding>
    </override>
    <override>
        <path>E:\BLE_Development\Hardware\EmbedIoT_Project\要经常修改的教程文档\3-程序源代码\设备端MCU代码\mcu_wireless_board\src\osal_task\usart1_task.c</path>
        <encoding>System</encoding>
    </override>
    <override>
        <path>E:\BLE_Development\Hardware\EmbedIoT_Project\要经常修改的教程文档\3-程序源代码\设备端MCU代码\mcu_wireless_board\src\periph_device\circle_queue.c</path>
        <encoding>System</encoding>
    </override>
    <override>
        <path>E:\BLE_Development\Hardware\EmbedIoT_Project\要经常修改的教程文档\3-程序源代码\设备端MCU代码\mcu_wireless_board\src\periph_device\key.c</path>
        <encoding>System</encoding>
    </override>
    <override>
        <path>E:\BLE_Development\Hardware\EmbedIoT_Project\要经常修改的教程文档\3-程序源代码\设备端MCU代码\mcu_wireless_board\src\periph_device\led.c</path>
        <encoding>System</encoding>
    </override>
    <override>
        <path>E:\BLE_Development\Hardware\EmbedIoT_Project\要经常修改的教程文档\3-程序源代码\设备端MCU代码\mcu_wireless_board\src\periph_device\myprotocol.c</path>
        <encoding>System</encoding>
    </override>
    <override>
        <path>E:\BLE_Development\Hardware\EmbedIoT_Project\要经常修改的教程文档\3-程序源代码\设备端MCU代码\mcu_wireless_board\src\periph_device\nrf24l01.c</path>
        <encoding>System</encoding>
    </override>
    <override>
        <path>E:\BLE_Development\Hardware\EmbedIoT_Project\要经常修改的教程文档\3-程序源代码\设备端MCU代码\mcu_wireless_board\src\periph_device\si4432.c</path>
        <encoding>System</encoding>
    </override>
    <override>
        <path>E:\BLE_Development\Hardware\EmbedIoT_Project\要经常修改的教程文档\3-程序源代码\设备端MCU代码\mcu_wireless_board\src\periph_device\sys_config.c</path>
        <encoding>System</encoding>
    </override>
    <override>
        <path>E:\BLE_Development\Hardware\EmbedIoT_Project\要经常修改的教程文档\3-程序源代码\设备端MCU代码\mcu_wireless_board\src\periph_device\tool_func.c</path>
        <encoding>System</encoding>
    </override>
    <override>
        <path>E:\BLE_Development\Hardware\EmbedIoT_Project\要经常修改的教程文档\3-程序源代码\设备端MCU代码\mcu_wireless_board\src\stm32_periph_driver\flash.c</path>
        <encoding>System</encoding>
    </override>
    <override>
        <path>E:\BLE_Development\Hardware\EmbedIoT_Project\要经常修改的教程文档\3-程序源代码\设备端MCU代码\mcu_wireless_board\src\stm32_periph_driver\irq_handler.c</path>
        <encoding>System</encoding>
    </override>
    <override>
        <path>E:\BLE_Development\Hardware\EmbedIoT_Project\要经常修改的教程文档\3-程序源代码\设备端MCU代码\mcu_wireless_board\src\stm32_periph_driver\usart_dma.c</path>
        <encoding>System</encoding>
    </override>
    <override>
        <path>E:\BLE_Development\Hardware\EmbedIoT_Project\要经常修改的教程文档\3-程序源代码\设备端MCU代码\mcu_wireless_board\src\usart1_task.c</path>
        <encoding>System</encoding>
    </override>
    <override>
        <path>E:\BLE_Development\Hardware\EmbedIoT_System\mcu_wireless_board\software\application\mcu_wireless_board\inc\led.h</path>
        <encoding>System</encoding>
    </override>
    <override>
        <path>E:\BLE_Development\Hardware\EmbedIoT_System\mcu_wireless_board\software\application\mcu_wireless_board\inc\myprotocol.h</path>
        <encoding>System</encoding>
    </override>
    <override>
        <path>E:\BLE_Development\Hardware\EmbedIoT_System\mcu_wireless_board\software\application\mcu_wireless_board\inc\nrf24l01.h</path>
        <encoding>System</encoding>
    </override>
    <override>
        <path>E:\BLE_Development\Hardware\EmbedIoT_System\mcu_wireless_board\software\application\mcu_wireless_board\inc\si4432.h</path>
        <encoding>System</encoding>
    </override>
    <override>
        <path>E:\BLE_Development\Hardware\EmbedIoT_System\mcu_wireless_board\software\application\mcu_wireless_board\inc\si4432_task.h</path>
        <encoding>System</encoding>
    </override>
    <override>
        <path>E:\BLE_Development\Hardware\EmbedIoT_System\mcu_wireless_board\software\application\mcu_wireless_board\osal\osal.c</path>
        <encoding>System</encoding>
    </override>
    <override>
        <path>E:\BLE_Development\Hardware\EmbedIoT_System\mcu_wireless_board\software\application\mcu_wireless_board\osal\osal.h</path>
        <encoding>System</encoding>
    </override>
    <override>
        <path>E:\BLE_Development\Hardware\EmbedIoT_System\mcu_wireless_board\software\application\mcu_wireless_board\osal\osal_clock.c</path>
        <encoding>System</encoding>
    </override>
    <override>
        <path>E:\BLE_Development\Hardware\EmbedIoT_System\mcu_wireless_board\software\application\mcu_wireless_board\osal\osal_timers.c</path>
        <encoding>System</encoding>
    </override>
    <override>
        <path>E:\BLE_Development\Hardware\EmbedIoT_System\mcu_wireless_board\software\application\mcu_wireless_board\src\circle_queue.c</path>
        <encoding>System</encoding>
    </override>
    <override>
        <path>E:\BLE_Development\Hardware\EmbedIoT_System\mcu_wireless_board\software\application\mcu_wireless_board\src\delay.c</path>
        <encoding>System</encoding>
    </override>
    <override>
        <path>E:\BLE_Development\Hardware\EmbedIoT_System\mcu_wireless_board\software\application\mcu_wireless_board\src\flash.c</path>
        <encoding>System</encoding>
    </override>
    <override>
        <path>E:\BLE_Development\Hardware\EmbedIoT_System\mcu_wireless_board\software\application\mcu_wireless_board\src\irq_handler.c</path>
        <encoding>System</encoding>
    </override>
    <override>
        <path>E:\BLE_Development\Hardware\EmbedIoT_System\mcu_wireless_board\software\application\mcu_wireless_board\src\key.c</path>
        <encoding>System</encoding>
    </override>
    <override>
        <path>E:\BLE_Development\Hardware\EmbedIoT_System\mcu_wireless_board\software\application\mcu_wireless_board\src\led.c</path>
        <encoding>System</encoding>
    </override>
    <override>
        <path>E:\BLE_Development\Hardware\EmbedIoT_System\mcu_wireless_board\software\application\mcu_wireless_board\src\main.c</path>
        <encoding>System</encoding>
    </override>
    <override>
        <path>E:\BLE_Development\Hardware\EmbedIoT_System\mcu_wireless_board\software\application\mcu_wireless_board\src\myprotocol.c</path>
        <encoding>System</encoding>
    </override>
    <override>
        <path>E:\BLE_Development\Hardware\EmbedIoT_System\mcu_wireless_board\software\application\mcu_wireless_board\src\nrf24l01.c</path>
        <encoding>System</encoding>
    </override>
    <override>
        <path>E:\BLE_Development\Hardware\EmbedIoT_System\mcu_wireless_board\software\application\mcu_wireless_board\src\nrf24l01_task.c</path>
        <encoding>System</encoding>
    </override>
    <override>
        <path>E:\BLE_Development\Hardware\EmbedIoT_System\mcu_wireless_board\software\application\mcu_wireless_board\src\si4432.c</path>
        <encoding>System</encoding>
    </override>
    <override>
        <path>E:\BLE_Development\Hardware\EmbedIoT_System\mcu_wireless_board\software\application\mcu_wireless_board\src\si4432_task.c</path>
        <encoding>System</encoding>
    </override>
    <override>
        <path>E:\BLE_Development\Hardware\EmbedIoT_System\mcu_wireless_board\software\application\mcu_wireless_board\src\spi.c</path>
        <encoding>System</encoding>
    </override>
    <override>
        <path>E:\BLE_Development\Hardware\EmbedIoT_System\mcu_wireless_board\software\application\mcu_wireless_board\src\spi_dma.c</path>
        <encoding>System</encoding>
    </override>
    <override>
        <path>E:\BLE_Development\Hardware\EmbedIoT_System\mcu_wireless_board\software\application\mcu_wireless_board\src\sys_config.c</path>
        <encoding>System</encoding>
    </override>
    <override>
        <path>E:\BLE_Development\Hardware\EmbedIoT_System\mcu_wireless_board\software\application\mcu_wireless_board\src\systick.c</path>
        <encoding>System</encoding>
    </override>
    <override>
        <path>E:\BLE_Development\Hardware\EmbedIoT_System\mcu_wireless_board\software\application\mcu_wireless_board\src\usart.c</path>
        <encoding>System</encoding>
    </override>
    <override>
        <path>E:\BLE_Development\Hardware\EmbedIoT_System\mcu_wireless_board\software\application\mcu_wireless_board\src\usart1_task.c</path>
        <encoding>System</encoding>
    </override>
    <override>
        <path>E:\BLE_Development\Hardware\EmbedIoT_System\mcu_wireless_board\software\application\mcu_wireless_board\src\usart_dma.c</path>
        <encoding>System</encoding>
    </override>
</userOverrides>
